<?xml version="1.0" encoding="utf-8" ?><dwsync><file name="Above.png" server="www.softchalk.com/public_html/softchalk/" local="3409851162" remote="11999790459" /><file name="ada-access.gif" server="www.softchalk.com/public_html/softchalk/" local="3409855606" remote="11999790459" /><file name="ada-activity.gif" server="www.softchalk.com/public_html/softchalk/" local="3409855606" remote="11999790460" /><file name="ada-annotation.gif" server="www.softchalk.com/public_html/softchalk/" local="3409855606" remote="11999790460" /><file name="ada-equation.gif" server="www.softchalk.com/public_html/softchalk/" local="3409855606" remote="11999790460" /><file name="ada-media.gif" server="www.softchalk.com/public_html/softchalk/" local="3409855606" remote="11999790460" /><file name="banner_custom.jpg" server="www.softchalk.com/public_html/softchalk/" local="3409855606" remote="11999790469" /><file name="Below.png" server="www.softchalk.com/public_html/softchalk/" local="3409851162" remote="11999790470" /><file name="check.png" server="www.softchalk.com/public_html/softchalk/" local="3409855606" remote="11999790470" /><file name="close_feedback.png" server="www.softchalk.com/public_html/softchalk/" local="3409855606" remote="11999790470" /><file name="close_float.png" server="www.softchalk.com/public_html/softchalk/" local="3409855606" remote="11999790470" /><file name="correct.mp3" server="www.softchalk.com/public_html/softchalk/" local="3409855606" remote="11999790470" /><file name="csshover.htc" server="www.softchalk.com/public_html/softchalk/" local="3409855606" remote="11999790471" /><file name="Example1.gif" server="www.softchalk.com/public_html/softchalk/" local="3409851162" remote="11999790471" /><file name="Example2.gif" server="www.softchalk.com/public_html/softchalk/" local="3409851162" remote="11999790472" /><file name="Example5.gif" server="www.softchalk.com/public_html/softchalk/" local="3409851162" remote="11999790472" /><file name="get_flash_player.gif" server="www.softchalk.com/public_html/softchalk/" local="3409855606" remote="11999790472" /><file name="index.html" server="www.softchalk.com/public_html/softchalk/" local="3409855606" remote="11999790472" /><file name="lb_buttonimage.txt" server="www.softchalk.com/public_html/softchalk/" local="3409855606" remote="11999790473" /><file name="ON.png" server="www.softchalk.com/public_html/softchalk/" local="3409851162" remote="11999790492" /><file name="Quadratic.css" server="www.softchalk.com/public_html/softchalk/" local="3409855606" remote="11999790492" /><file name="Quadratic.html" server="www.softchalk.com/public_html/softchalk/" local="3409855606" remote="11999790493" /><file name="Quadratic.zip" server="www.softchalk.com/public_html/softchalk/" local="3409855563" remote="11999790495" /><file name="Quadratic2.html" server="www.softchalk.com/public_html/softchalk/" local="3409855606" remote="11999790495" /><file name="Quadratic3.html" server="www.softchalk.com/public_html/softchalk/" local="3409855606" remote="11999790496" /><file name="Quadratic4.html" server="www.softchalk.com/public_html/softchalk/" local="3409855606" remote="11999790496" /><file name="Quadratic5.html" server="www.softchalk.com/public_html/softchalk/" local="3409855606" remote="11999790496" /><file name="Quadratic_dummy.html" server="www.softchalk.com/public_html/softchalk/" local="3409855606" remote="11999790496" /><file name="Quadratic_md.xml" server="www.softchalk.com/public_html/softchalk/" local="3409855606" remote="11999790497" /><file name="Quadratic_orm.txt" server="www.softchalk.com/public_html/softchalk/" local="3409855606" remote="11999790497" /><file name="Quadratic_print.css" server="www.softchalk.com/public_html/softchalk/" local="3409855606" remote="11999790497" /><file name="Quadratic_print.html" server="www.softchalk.com/public_html/softchalk/" local="3409855606" remote="11999790497" /><file name="Quadratic_sco.zip" server="www.softchalk.com/public_html/softchalk/" local="3409855580" remote="11999790500" /><file name="Quadratic_sco2004.zip" server="www.softchalk.com/public_html/softchalk/" local="3409855589" remote="11999790503" /><file name="Quadratic_tiv.txt" server="www.softchalk.com/public_html/softchalk/" local="3409855606" remote="11999790503" /><file name="selfcheck_custom.png" server="www.softchalk.com/public_html/softchalk/" local="3409855606" remote="11999790520" /><file name="softchalk_manifest.xml" server="www.softchalk.com/public_html/softchalk/" local="3409855606" remote="11999790520" /><file name="sorting.swf" server="www.softchalk.com/public_html/softchalk/" local="3409855606" remote="11999790520" /><file name="sorting1.xml" server="www.softchalk.com/public_html/softchalk/" local="3409855606" remote="11999790521" /><file name="spacer.gif" server="www.softchalk.com/public_html/softchalk/" local="3409855606" remote="11999790521" /><file name="submenu-rt_custom.png" server="www.softchalk.com/public_html/softchalk/" local="3409855606" remote="11999790521" /><file name="submenu_custom.png" server="www.softchalk.com/public_html/softchalk/" local="3409855606" remote="11999790521" /><file name="wrong.mp3" server="www.softchalk.com/public_html/softchalk/" local="3409855606" remote="11999790521" /><file name="wrong.png" server="www.softchalk.com/public_html/softchalk/" local="3409855606" remote="11999790522" /></dwsync>