<?xml version="1.0" encoding="UTF-8" ?>
<manifest identifier="index.html" version="1.2"
xmlns="http://www.imsproject.org/xsd/imscp_rootv1p1p2"
xmlns:adlcp="http://www.adlnet.org/xsd/adlcp_rootv1p2"
xmlns:xsi="http://www.w3.org/2001/XMLSchema-instance"
xsi:schemaLocation="http://www.imsproject.org/xsd/imscp_rootv1p1p2 imscp_rootv1p1p2.xsd
http://www.imsglobal.org/xsd/imsmd_rootv1p2p1 imsmd_rootv1p2p1.xsd
http://www.adlnet.org/xsd/adlcp_rootv1p2 adlcp_rootv1p2.xsd">
	<metadata />
	<organizations default="B0">
		<organization identifier="B0">
			<title>Quadratic</title>
			<item identifier="S100001" identifierref="R_S100001" isvisible="true">
				<title>Quadratic</title>
				<adlcp:datafromlms>1,1,1,1,1,1,1,1</adlcp:datafromlms>
			</item>
			<metadata>
				<schema>ADL SCORM</schema>
				<schemaversion>1.2</schemaversion>
				<adlcp:location>Quadratic_sco.xml</adlcp:location>
			</metadata>
		</organization>
	</organizations>
	<resources>
		<resource identifier="R_S100001" type="webcontent" adlcp:scormtype="sco" href="index.html">
			<file href="index.html" />
			<dependency identifierref="R_A1" />
		</resource>
		<resource identifier="R_A1" type="webcontent" adlcp:scormtype="asset">
			<file href="Above.png" />
			<file href="ada-access.gif" />
			<file href="ada-activity.gif" />
			<file href="ada-annotation.gif" />
			<file href="ada-equation.gif" />
			<file href="ada-media.gif" />
			<file href="banner_custom.jpg" />
			<file href="Below.png" />
			<file href="check.png" />
			<file href="close_feedback.png" />
			<file href="close_float.png" />
			<file href="correct.mp3" />
			<file href="csshover.htc" />
			<file href="Example1.gif" />
			<file href="Example2.gif" />
			<file href="Example5.gif" />
			<file href="get_flash_player.gif" />
			<file href="index.html" />
			<file href="lb_buttonimage.txt" />
			<file href="ON.png" />
			<file href="Quadratic.css" />
			<file href="Quadratic.html" />
			<file href="Quadratic2.html" />
			<file href="Quadratic3.html" />
			<file href="Quadratic4.html" />
			<file href="Quadratic5.html" />
			<file href="Quadratic_dummy.html" />
			<file href="Quadratic_md.xml" />
			<file href="Quadratic_orm.txt" />
			<file href="Quadratic_print.css" />
			<file href="Quadratic_print.html" />
			<file href="Quadratic_tiv.txt" />
			<file href="selfcheck_custom.png" />
			<file href="softchalk.xml" />
			<file href="softchalk_manifest.xml" />
			<file href="sorting.swf" />
			<file href="sorting1.xml" />
			<file href="spacer.gif" />
			<file href="submenu-rt_custom.png" />
			<file href="submenu_custom.png" />
			<file href="wrong.mp3" />
			<file href="wrong.png" />
			<file href="_notes/dwsync.xml" />
			<file href="ada_files/ada_activity1.html" />
			<file href="ada_files/ada_annotation1.html" />
			<file href="ada_files/ada_annotation2.html" />
			<file href="ada_files/ada_annotation3.html" />
			<file href="ada_files/ada_annotation4.html" />
			<file href="ada_files/ada_annotation5.html" />
			<file href="ada_files/ada_annotation6.html" />
			<file href="ada_files/ada_annotation7.html" />
			<file href="ada_files/ada_annotation8.html" />
			<file href="ada_files/ada_equation1.html" />
			<file href="ada_files/ada_equation10.html" />
			<file href="ada_files/ada_equation11.html" />
			<file href="ada_files/ada_equation13.html" />
			<file href="ada_files/ada_equation14.html" />
			<file href="ada_files/ada_equation16.html" />
			<file href="ada_files/ada_equation17.html" />
			<file href="ada_files/ada_equation18.html" />
			<file href="ada_files/ada_equation19.html" />
			<file href="ada_files/ada_equation2.html" />
			<file href="ada_files/ada_equation20.html" />
			<file href="ada_files/ada_equation21.html" />
			<file href="ada_files/ada_equation22.html" />
			<file href="ada_files/ada_equation23.html" />
			<file href="ada_files/ada_equation24.html" />
			<file href="ada_files/ada_equation25.html" />
			<file href="ada_files/ada_equation26.html" />
			<file href="ada_files/ada_equation27.html" />
			<file href="ada_files/ada_equation28.html" />
			<file href="ada_files/ada_equation29.html" />
			<file href="ada_files/ada_equation30.html" />
			<file href="ada_files/ada_equation31.html" />
			<file href="ada_files/ada_equation32.html" />
			<file href="ada_files/ada_equation33.html" />
			<file href="ada_files/ada_equation4.html" />
			<file href="ada_files/ada_equation5.html" />
			<file href="ada_files/ada_equation9.html" />
			<file href="lessonimages/equation_image1.gif" />
			<file href="lessonimages/equation_image10.gif" />
			<file href="lessonimages/equation_image11.gif" />
			<file href="lessonimages/equation_image13.gif" />
			<file href="lessonimages/equation_image14.gif" />
			<file href="lessonimages/equation_image16.gif" />
			<file href="lessonimages/equation_image17.gif" />
			<file href="lessonimages/equation_image18.gif" />
			<file href="lessonimages/equation_image19.gif" />
			<file href="lessonimages/equation_image2.gif" />
			<file href="lessonimages/equation_image20.gif" />
			<file href="lessonimages/equation_image21.gif" />
			<file href="lessonimages/equation_image22.gif" />
			<file href="lessonimages/equation_image23.gif" />
			<file href="lessonimages/equation_image24.gif" />
			<file href="lessonimages/equation_image25.gif" />
			<file href="lessonimages/equation_image26.gif" />
			<file href="lessonimages/equation_image27.gif" />
			<file href="lessonimages/equation_image28.gif" />
			<file href="lessonimages/equation_image29.gif" />
			<file href="lessonimages/equation_image30.gif" />
			<file href="lessonimages/equation_image31.gif" />
			<file href="lessonimages/equation_image32.gif" />
			<file href="lessonimages/equation_image33.gif" />
			<file href="lessonimages/equation_image4.gif" />
			<file href="lessonimages/equation_image5.gif" />
			<file href="lessonimages/equation_image9.gif" />
			<file href="lessonimages/sorting1_1.gif" />
			<file href="lessonimages/sorting1_2.gif" />
			<file href="lessonimages/sorting1_3.gif" />
			<file href="lessonimages/sorting1_4.gif" />
			<file href="lessonimages/sorting1_5.gif" />
			<file href="mobile_pages/check.png" />
			<file href="mobile_pages/close_feedback.png" />
			<file href="mobile_pages/index.html" />
			<file href="mobile_pages/Quadratic.html" />
			<file href="mobile_pages/Quadratic2.html" />
			<file href="mobile_pages/Quadratic3.html" />
			<file href="mobile_pages/Quadratic4.html" />
			<file href="mobile_pages/Quadratic5.html" />
			<file href="mobile_pages/Quadratic_dummy.html" />
			<file href="mobile_pages/selfcheck_custom.png" />
			<file href="mobile_pages/softchalk_manifest.xml" />
			<file href="mobile_pages/spacer.gif" />
			<file href="mobile_pages/wrong.png" />
			<file href="mobile_pages/css/mobile-style.css" />
			<file href="mobile_pages/images/downarrow.png" />
			<file href="mobile_pages/images/downarrow_black.png" />
			<file href="mobile_pages/images/leftnav.png" />
			<file href="mobile_pages/images/nav-hover.png" />
			<file href="mobile_pages/images/nav.png" />
			<file href="mobile_pages/images/nav_background.png" />
			<file href="mobile_pages/images/nav_bar_background.png" />
			<file href="mobile_pages/images/nav_contract_button.png" />
			<file href="mobile_pages/images/nav_expand_button.png" />
			<file href="mobile_pages/images/nav_hide_button.png" />
			<file href="mobile_pages/images/nav_left_background.png" />
			<file href="mobile_pages/images/nav_left_button.png" />
			<file href="mobile_pages/images/nav_right_button.png" />
			<file href="mobile_pages/images/nav_show_button.png" />
			<file href="mobile_pages/images/rightnav.png" />
			<file href="mobile_pages/images/TOCarrow.png" />
			<file href="mobile_pages/images/uparrow.png" />
			<file href="mobile_pages/images/uparrow_black.png" />
			<file href="mobile_pages/images/x.png" />
			<file href="mobile_pages/js/jquery.json-2.2.js" />
			<file href="mobile_pages/js/jquery.store.js" />
			<file href="mobile_pages/js/mobile.js" />
			<file href="mobile_pages/js/store.js" />
			<file href="sclb_extras/activity_info.js" />
			<file href="sclb_extras/activityApplets.js" />
			<file href="sclb_extras/activityApplets_inline.js" />
			<file href="sclb_extras/activityWindow.js" />
			<file href="sclb_extras/ccimage.png" />
			<file href="sclb_extras/emerging.js" />
			<file href="sclb_extras/flashobject.js" />
			<file href="sclb_extras/lesson_qp.js" />
			<file href="sclb_extras/q_functions.js" />
			<file href="sclb_extras/q_functions_ext.js" />
			<file href="sclb_extras/q_functions_group.js" />
			<file href="sclb_extras/scoring_window.js" />
			<file href="sclb_extras/overlibmws/flower_above_left.png" />
			<file href="sclb_extras/overlibmws/flower_above_left_shadow.png" />
			<file href="sclb_extras/overlibmws/flower_above_right.png" />
			<file href="sclb_extras/overlibmws/flower_above_right_shadow.png" />
			<file href="sclb_extras/overlibmws/flower_below_left.png" />
			<file href="sclb_extras/overlibmws/flower_below_left_shadow.png" />
			<file href="sclb_extras/overlibmws/flower_below_right.png" />
			<file href="sclb_extras/overlibmws/flower_below_right_shadow.png" />
			<file href="sclb_extras/overlibmws/oval_above_left.png" />
			<file href="sclb_extras/overlibmws/oval_above_left_shadow.png" />
			<file href="sclb_extras/overlibmws/oval_above_right.png" />
			<file href="sclb_extras/overlibmws/oval_above_right_shadow.png" />
			<file href="sclb_extras/overlibmws/oval_below_left.png" />
			<file href="sclb_extras/overlibmws/oval_below_left_shadow.png" />
			<file href="sclb_extras/overlibmws/oval_below_right.png" />
			<file href="sclb_extras/overlibmws/oval_below_right_shadow.png" />
			<file href="sclb_extras/overlibmws/overlibmws.js" />
			<file href="sclb_extras/overlibmws/overlibmws_bubble.js" />
			<file href="sclb_extras/overlibmws/overlibmws_shadow.js" />
			<file href="sclb_extras/overlibmws/postit_above_left_shadow.png" />
			<file href="sclb_extras/overlibmws/postit_above_right_shadow.png" />
			<file href="sclb_extras/overlibmws/postit_below_left_shadow.png" />
			<file href="sclb_extras/overlibmws/postit_below_right_shadow.png" />
			<file href="sclb_extras/overlibmws/pushpin_above_left_shadow.png" />
			<file href="sclb_extras/overlibmws/pushpin_above_right_shadow.png" />
			<file href="sclb_extras/overlibmws/pushpin_below_left_shadow.png" />
			<file href="sclb_extras/overlibmws/pushpin_below_right_shadow.png" />
			<file href="sclb_extras/overlibmws/quotation_above_left.png" />
			<file href="sclb_extras/overlibmws/quotation_above_left_shadow.png" />
			<file href="sclb_extras/overlibmws/quotation_above_right.png" />
			<file href="sclb_extras/overlibmws/quotation_above_right_shadow.png" />
			<file href="sclb_extras/overlibmws/quotation_below_left.png" />
			<file href="sclb_extras/overlibmws/quotation_below_left_shadow.png" />
			<file href="sclb_extras/overlibmws/quotation_below_right.png" />
			<file href="sclb_extras/overlibmws/quotation_below_right_shadow.png" />
			<file href="sclb_extras/overlibmws/speech_above_left.png" />
			<file href="sclb_extras/overlibmws/speech_above_left_shadow.png" />
			<file href="sclb_extras/overlibmws/speech_above_right.png" />
			<file href="sclb_extras/overlibmws/speech_above_right_shadow.png" />
			<file href="sclb_extras/overlibmws/speech_below_left.png" />
			<file href="sclb_extras/overlibmws/speech_below_left_shadow.png" />
			<file href="sclb_extras/overlibmws/speech_below_right.png" />
			<file href="sclb_extras/overlibmws/speech_below_right_shadow.png" />
			<file href="sclb_extras/overlibmws/thought_above_left.png" />
			<file href="sclb_extras/overlibmws/thought_above_left_shadow.png" />
			<file href="sclb_extras/overlibmws/thought_above_right.png" />
			<file href="sclb_extras/overlibmws/thought_above_right_shadow.png" />
			<file href="sclb_extras/overlibmws/thought_below_left.png" />
			<file href="sclb_extras/overlibmws/thought_below_left_shadow.png" />
			<file href="sclb_extras/overlibmws/thought_below_right.png" />
			<file href="sclb_extras/overlibmws/thought_below_right_shadow.png" />
		</resource>
	</resources>
</manifest>
