﻿<?xml version="1.0" encoding="utf-8"?><meta xmlns:xsi="http://www.w3.org/2001/XMLSchema-instance" xmlns:xsd="http://www.w3.org/2001/XMLSchema"><project id="5t9718ywvtc" courseid="Scorm_Storyline_course" thumburl="story_content/thumbnail.jpg" title="SCORM QUIZ VIEWED SLIDES" datepublished="2013-10-04T23:01:46" version="1.0.0.0" flashdata="story_content/data.swf" html5data="mobile/data.js" mobiledata="mobile/data.gz" enabledownload="true" duration="About 20 seconds" totalaudio="0" totalvideo="0"><description>This Sample is set for tracking viewed slides</description><keywords>SCORM Test</keywords><author name="Troy" email="" website="" /><application name="Storyline" version="1.3.1305.2012" xmlversion="1.2" /></project></meta>